basDt,srtnCd,isinCd,itmsNm,mrktCtg,clpr,vs,fltRt,mkp,hipr,lopr,trqu,trPrc,lstgStCnt,mrktTotAmt
20250717,035720,KR7035720002,카카오,KOSPI,57500,1400,2.5,57500,59100,57000,3318001,191514032850,442013722,25415789015000
20250716,035720,KR7035720002,카카오,KOSPI,56100,-1100,-1.92,56900,57600,56000,1844953,104264641350,442013722,24796969804200
20250715,035720,KR7035720002,카카오,KOSPI,57200,-1100,-1.89,57400,58000,56300,2979693,169395188650,442013722,25283184898400
20250714,035720,KR7035720002,카카오,KOSPI,58300,-1700,-2.83,59500,59600,56500,3469359,200495860900,442013722,25769399992600
20250711,035720,KR7035720002,카카오,KOSPI,60000,-800,-1.32,62000,62000,59900,2465478,149632985000,442013722,26520823320000
20250710,035720,KR7035720002,카카오,KOSPI,60800,300,.5,61000,61800,59700,3149990,191370189600,441766501,26859403260800
20250709,035720,KR7035720002,카카오,KOSPI,60500,-300,-.49,60700,61000,59500,2152533,129386726050,441766501,26726873310500
20250708,035720,KR7035720002,카카오,KOSPI,60800,700,1.16,61400,61600,59900,2354516,142565731000,441766501,26859403260800
20250707,035720,KR7035720002,카카오,KOSPI,60100,1700,2.91,57600,61000,57500,3213170,192513410200,441766501,26550166710100
20250704,035720,KR7035720002,카카오,KOSPI,58400,-1100,-1.85,60000,60400,58300,2125150,125465129950,441766501,25799163658400
20250703,035720,KR7035720002,카카오,KOSPI,59500,800,1.36,59200,61400,58800,3330017,200068365700,441766501,26285106809500
20250702,035720,KR7035720002,카카오,KOSPI,58700,-1400,-2.33,61000,61300,58100,2974555,175776931500,441766501,25931693608700
20250701,035720,KR7035720002,카카오,KOSPI,60100,100,.17,59900,63400,59300,4862065,298254846800,441766501,26550166710100
20250630,035720,KR7035720002,카카오,KOSPI,60000,-900,-1.48,61200,62000,59500,4067265,245773500400,441766501,26505990060000
20250627,035720,KR7035720002,카카오,KOSPI,60900,-2200,-3.49,63000,63500,58900,7751588,470799856300,441766501,26903579910900
20250626,035720,KR7035720002,카카오,KOSPI,63100,-6300,-9.08,67500,67600,61100,12516562,796291966950,441766501,27875466213100
20250625,035720,KR7035720002,카카오,KOSPI,69400,-1000,-1.42,69400,70700,67200,6399440,442645746400,441766501,30658595169400
20250624,035720,KR7035720002,카카오,KOSPI,70400,2800,4.14,68100,71600,66000,12083420,839067648506,441766501,31100361670400
20250623,035720,KR7035720002,카카오,KOSPI,67600,1000,1.5,67000,68900,65600,12708128,854468399400,441766501,29863415467600
20250620,035720,KR7035720002,카카오,KOSPI,66600,6200,10.26,60100,67200,58600,16754279,1065026260200,441766501,29421648966600
20250619,035720,KR7035720002,카카오,KOSPI,60400,5200,9.42,57300,61800,56800,14753547,884392927150,441766501,26682696660400
20250618,035720,KR7035720002,카카오,KOSPI,55200,3400,6.56,51600,55400,51600,8380598,455048505200,441766501,24385510855200
20250617,035720,KR7035720002,카카오,KOSPI,51800,-1400,-2.63,53800,54000,51200,3981660,209448704050,441766501,22883504751800
20250616,035720,KR7035720002,카카오,KOSPI,53200,1700,3.3,51300,53300,50800,4949701,258567657550,441766501,23501977853200
20250613,035720,KR7035720002,카카오,KOSPI,51500,1000,1.98,53700,53700,50700,5408390,279740859300,441766501,22750974801500
20250612,035720,KR7035720002,카카오,KOSPI,50500,-900,-1.75,50800,51800,50300,4071665,206684571850,441711295,22306420397500
20250611,035720,KR7035720002,카카오,KOSPI,51400,1400,2.8,49100,52000,49100,5300436,270296014300,441711295,22703960563000
20250610,035720,KR7035720002,카카오,KOSPI,50000,-1400,-2.72,53300,53300,49000,8896042,448893680075,441711295,22085564750000
20250609,035720,KR7035720002,카카오,KOSPI,51400,7100,16.03,45950,51500,45700,12784767,631003271975,441711295,22703960563000
20250605,035720,KR7035720002,카카오,KOSPI,44300,2700,6.49,42000,44900,41850,5070135,222214034150,441711295,19567810368500
20250604,035720,KR7035720002,카카오,KOSPI,41600,-1550,-3.59,44100,44450,41050,3838475,161418455225,441711295,18375189872000
20250602,035720,KR7035720002,카카오,KOSPI,43150,450,1.05,43200,43700,42400,2075682,89171105800,441711295,19059842379250
20250530,035720,KR7035720002,카카오,KOSPI,42700,-1300,-2.95,43650,43850,42650,3539065,152005621325,441711295,18861072296500
20250529,035720,KR7035720002,카카오,KOSPI,44000,2300,5.52,41550,44250,41550,4644875,200871080875,441711295,19435296980000
20250528,035720,KR7035720002,카카오,KOSPI,41700,750,1.83,40950,42200,40250,2787745,115863799700,441711295,18419361001500
20250527,035720,KR7035720002,카카오,KOSPI,40950,1950,5,38700,41000,38550,3448700,138500653375,441711295,18088077530250
20250526,035720,KR7035720002,카카오,KOSPI,39000,1600,4.28,37400,39000,37100,2676578,102373009875,441711295,17226740505000
20250523,035720,KR7035720002,카카오,KOSPI,37400,150,.4,37250,37650,37000,1081143,40360877900,441711295,16520002433000
20250522,035720,KR7035720002,카카오,KOSPI,37250,-200,-.53,37250,37650,36950,884129,32944900100,441711295,16453745738750
20250521,035720,KR7035720002,카카오,KOSPI,37450,900,2.46,36700,37950,36700,1327371,49812188400,441711295,16542087997750
20250520,035720,KR7035720002,카카오,KOSPI,36550,100,.27,36600,36850,36300,1680015,61357217625,441711295,16144547832250
20250519,035720,KR7035720002,카카오,KOSPI,36450,-950,-2.54,37150,37200,36350,1389926,50806132575,441711295,16100376702750
20250516,035720,KR7035720002,카카오,KOSPI,37400,-250,-.66,37650,37800,37300,912660,34200518750,443913939,16602381318600
20250515,035720,KR7035720002,카카오,KOSPI,37650,-300,-.79,37750,37850,37250,1346122,50660197800,443913939,16713359803350
20250514,035720,KR7035720002,카카오,KOSPI,37950,400,1.07,37700,38200,37300,1623377,61416869875,443913939,16846533985050
20250513,035720,KR7035720002,카카오,KOSPI,37550,-550,-1.44,38150,38300,37400,1270052,47944643400,443913939,16668968409450
20250512,035720,KR7035720002,카카오,KOSPI,38100,1150,3.11,37100,38100,37050,1737798,65310371450,443913939,16913121075900
20250509,035720,KR7035720002,카카오,KOSPI,36950,-50,-.14,37150,37200,36850,1076784,39823643625,443913939,16402620046050
20250508,035720,KR7035720002,카카오,KOSPI,37000,-1350,-3.52,38200,38250,36900,4639380,172184555900,443872400,16423278800000
20250507,035720,KR7035720002,카카오,KOSPI,38350,300,.79,38350,38550,37800,1891623,72435214100,443872400,17022506540000
20250502,035720,KR7035720002,카카오,KOSPI,38050,-200,-.52,38150,38650,37950,1350989,51716681400,443872400,16889344820000
20250430,035720,KR7035720002,카카오,KOSPI,38250,-200,-.52,38300,38750,37750,1857478,70866694425,443872400,16978119300000
20250429,035720,KR7035720002,카카오,KOSPI,38450,400,1.05,38200,38700,38100,1787062,68686191975,443872400,17066893780000
20250428,035720,KR7035720002,카카오,KOSPI,38050,100,.26,38500,38600,37950,1779369,68048666275,443872400,16889344820000
20250425,035720,KR7035720002,카카오,KOSPI,37950,-1500,-3.8,37850,38400,37150,16562277,611989915950,443872400,16844957580000
20250424,035720,KR7035720002,카카오,KOSPI,39450,50,.13,39650,39775,39250,497262,19613461400,443872400,17510766180000
20250423,035720,KR7035720002,카카오,KOSPI,39400,200,.51,39650,39700,39150,687852,27091871300,443872400,17488572560000
20250422,035720,KR7035720002,카카오,KOSPI,39200,300,.77,38550,40150,38425,1247375,49050967600,443872400,17399798080000
20250421,035720,KR7035720002,카카오,KOSPI,38900,-100,-.26,39250,39350,38750,464726,18133497500,443872400,17266636360000
20250418,035720,KR7035720002,카카오,KOSPI,39000,800,2.09,38300,39150,38100,841087,32693089775,443872400,17311023600000
20250417,035720,KR7035720002,카카오,KOSPI,38200,450,1.19,37800,38400,37800,845939,32250720975,443872400,16955925680000
20250416,035720,KR7035720002,카카오,KOSPI,37750,-1100,-2.83,38900,38950,37600,1386130,52804955150,443872400,16756183100000
20250415,035720,KR7035720002,카카오,KOSPI,38850,-150,-.38,39150,39350,38750,1049886,40928884950,443872400,17244442740000
20250414,035720,KR7035720002,카카오,KOSPI,39000,0,0,39150,39750,38950,962491,37701182600,443872400,17311023600000
20250411,035720,KR7035720002,카카오,KOSPI,39000,-1000,-2.5,38750,39050,38200,1364871,52789067900,443872400,17311023600000
20250410,035720,KR7035720002,카카오,KOSPI,40000,2850,7.67,39100,40000,38200,1977485,77454377000,443721032,17748841280000
20250409,035720,KR7035720002,카카오,KOSPI,37150,-1900,-4.87,38250,39650,36950,1861781,70495983950,443721032,16484236338800
20250408,035720,KR7035720002,카카오,KOSPI,39050,-1600,-3.94,41450,41500,39000,2588453,102932188425,443721032,17327306299600
20250407,035720,KR7035720002,카카오,KOSPI,40650,-1200,-2.87,40450,41750,39500,2124791,86520544400,443721032,18037259950800
20250404,035720,KR7035720002,카카오,KOSPI,41850,-1000,-2.33,42600,44750,40950,4844975,205887509925,443721032,18569725189200
20250403,035720,KR7035720002,카카오,KOSPI,42850,1950,4.77,40000,42900,40000,2508882,106255160350,443721032,19013446221200
20250402,035720,KR7035720002,카카오,KOSPI,40900,-1300,-3.08,42300,42350,40700,1549771,63631794075,443721032,18148190208800
20250401,035720,KR7035720002,카카오,KOSPI,42200,3100,7.93,39600,42450,39600,2570592,107066020425,443721032,18725027550400
20250331,035720,KR7035720002,카카오,KOSPI,39100,-2050,-4.98,40250,40700,39100,1711143,67862424800,443721032,17349492351200
20250328,035720,KR7035720002,카카오,KOSPI,41150,-450,-1.08,41600,41650,40500,728635,29866513450,443721032,18259120466800
20250327,035720,KR7035720002,카카오,KOSPI,41600,-1300,-3.03,42300,42350,41200,1360153,56647963000,443721032,18458794931200
20250326,035720,KR7035720002,카카오,KOSPI,42900,700,1.66,42350,43050,41400,1180900,49796424475,443721032,19035632272800
20250325,035720,KR7035720002,카카오,KOSPI,42200,300,.72,42100,42400,41750,827099,34780312900,443721032,18725027550400
20250324,035720,KR7035720002,카카오,KOSPI,41900,-1700,-3.9,43350,43500,41550,1792693,75717541000,443721032,18591911240800
20250321,035720,KR7035720002,카카오,KOSPI,43600,950,2.23,42650,43600,41900,1900729,81394271075,443721032,19346236995200
20250320,035720,KR7035720002,카카오,KOSPI,42650,-650,-1.5,43500,43950,42650,1761461,75852833125,443721032,18924702014800
20250319,035720,KR7035720002,카카오,KOSPI,43300,-700,-1.59,44000,44375,43100,1642570,71451214200,443721032,19213120685600
20250318,035720,KR7035720002,카카오,KOSPI,44000,500,1.15,43700,45050,43500,2475410,109729629600,443721032,19523725408000
20250317,035720,KR7035720002,카카오,KOSPI,43500,50,.12,43500,43850,42300,1693348,73013531925,443721032,19301864892000
20250314,035720,KR7035720002,카카오,KOSPI,43450,300,.7,43100,44050,43100,1733603,75338202975,443721032,19279678840400
20250313,035720,KR7035720002,카카오,KOSPI,43150,-950,-2.15,44150,44750,42350,3269454,142308402925,443675123,19144581557450
20250312,035720,KR7035720002,카카오,KOSPI,44100,0,0,44250,44650,43450,1976354,87289086225,443675123,19566072924300
20250311,035720,KR7035720002,카카오,KOSPI,44100,-1300,-2.86,43900,44700,43550,2486551,109672759675,443675123,19566072924300
20250310,035720,KR7035720002,카카오,KOSPI,45400,1650,3.77,43500,45950,43150,4010592,181078049025,443675123,20142850584200
20250307,035720,KR7035720002,카카오,KOSPI,43750,-1350,-2.99,44450,44825,43450,3099161,136363053000,443675123,19410786631250
20250306,035720,KR7035720002,카카오,KOSPI,45100,2000,4.64,43500,45400,42550,6180767,274922297500,443675123,20009748047300
20250305,035720,KR7035720002,카카오,KOSPI,43100,1200,2.86,42550,43500,42450,2525062,108546484000,443675123,19122397801300
20250304,035720,KR7035720002,카카오,KOSPI,41900,-1250,-2.9,43000,43450,41350,3387888,143140808550,443675123,18589987653700
20250228,035720,KR7035720002,카카오,KOSPI,43150,-1300,-2.92,43700,44700,42650,6591090,287205843206,443675123,19144581557450
20250227,035720,KR7035720002,카카오,KOSPI,44450,2350,5.58,42900,44450,42800,10185706,448211132500,443675123,19721359217350
20250226,035720,KR7035720002,카카오,KOSPI,42100,2350,5.91,40150,42400,40050,7598359,315541833100,443675123,18678722678300
20250225,035720,KR7035720002,카카오,KOSPI,39750,200,.51,39200,39800,39100,1505555,59596822800,443675123,17636086139250
20250224,035720,KR7035720002,카카오,KOSPI,39550,-350,-.88,39650,40000,39200,1834667,72456960600,443675123,17547351114650
20250221,035720,KR7035720002,카카오,KOSPI,39900,150,.38,40000,40250,39600,2460853,98330502300,443675123,17702637407700
20250220,035720,KR7035720002,카카오,KOSPI,39750,450,1.15,39600,40750,39550,4599415,184429643700,443675123,17636086139250
20250219,035720,KR7035720002,카카오,KOSPI,39300,350,.9,39150,39650,38850,2977884,117216009300,443675123,17436432333900
20250218,035720,KR7035720002,카카오,KOSPI,38950,-100,-.26,38950,39350,38600,2601628,101519127450,443675123,17281146040850
20250217,035720,KR7035720002,카카오,KOSPI,39050,300,.77,39100,39350,38800,3131805,122322525100,443675123,17325513553150
20250214,035720,KR7035720002,카카오,KOSPI,38750,-1450,-3.61,40550,40600,38400,6091721,238791374650,443675123,17192411016250
20250213,035720,KR7035720002,카카오,KOSPI,40200,-1800,-4.29,42350,43100,39700,8123275,329464403400,443662117,17835217103400
20250212,035720,KR7035720002,카카오,KOSPI,42000,-850,-1.98,42750,42750,41400,2941517,123318779200,443662117,18633808914000
20250211,035720,KR7035720002,카카오,KOSPI,42850,350,.82,43200,43450,42250,3387582,144855549650,443662117,19010921713450
20250210,035720,KR7035720002,카카오,KOSPI,42500,-2000,-4.49,44500,46000,42300,6162748,272446065450,443662117,18855639972500
20250207,035720,KR7035720002,카카오,KOSPI,44500,-800,-1.77,45200,45250,43550,5102434,226468869600,443662117,19742964206500
20250206,035720,KR7035720002,카카오,KOSPI,45300,2100,4.86,44000,45500,43500,9121099,408940635450,443662117,20097893900100
20250205,035720,KR7035720002,카카오,KOSPI,43200,2300,5.62,41300,43550,41000,10732661,457544811250,443662117,19166203454400
20250204,035720,KR7035720002,카카오,KOSPI,40900,-900,-2.15,42600,43150,40200,12331280,514416022350,443662117,18145780585300
20250203,035720,KR7035720002,카카오,KOSPI,41800,3450,9,38350,42450,37750,14720792,593892906850,443662117,18545076490600
20250131,035720,KR7035720002,카카오,KOSPI,38350,2600,7.27,36100,39000,36100,6846406,260138650100,443662117,17014442186950
20250124,035720,KR7035720002,카카오,KOSPI,35750,0,0,35900,36350,35700,1076274,38625191500,443662117,15860920682750
20250123,035720,KR7035720002,카카오,KOSPI,35750,-550,-1.52,36450,36500,35750,1220022,43932782850,443662117,15860920682750
20250122,035720,KR7035720002,카카오,KOSPI,36300,-150,-.41,36800,37050,36150,1154547,42026957450,443662117,16104934847100
20250121,035720,KR7035720002,카카오,KOSPI,36450,0,0,36450,37000,36150,1166887,42652083650,443662117,16171484164650
20250120,035720,KR7035720002,카카오,KOSPI,36450,50,.14,36400,36700,35800,1356111,49084420100,443662117,16171484164650
20250117,035720,KR7035720002,카카오,KOSPI,36400,-500,-1.36,36950,36950,36400,1135029,41440245800,443662117,16149301058800
20250116,035720,KR7035720002,카카오,KOSPI,36900,-100,-.27,37400,37850,36700,1271977,47144448100,443662117,16371132117300
20250115,035720,KR7035720002,카카오,KOSPI,37000,150,.41,36950,38150,36500,2186274,81076228650,443662117,16415498329000
20250114,035720,KR7035720002,카카오,KOSPI,36850,350,.96,36650,36950,36350,1087274,39848159350,443662117,16348949011450
20250113,035720,KR7035720002,카카오,KOSPI,36500,-50,-.14,36200,36900,36200,1170255,42725387150,443662117,16193667270500
20250110,035720,KR7035720002,카카오,KOSPI,36550,-650,-1.75,37200,37400,36400,2240282,82035388100,443662117,16215850376350
20250109,035720,KR7035720002,카카오,KOSPI,37200,-200,-.53,37450,37850,37200,2219066,83021199350,443563481,16500561493200
20250108,035720,KR7035720002,카카오,KOSPI,37400,-1250,-3.23,38300,39000,37200,2887696,109560233300,443563481,16589274189400
20250107,035720,KR7035720002,카카오,KOSPI,38650,-500,-1.28,39400,39900,38550,1438838,56282193450,443563481,17143728540650
20250106,035720,KR7035720002,카카오,KOSPI,39150,1100,2.89,37800,39250,37800,1459048,56408522500,443563481,17365510281150
20250103,035720,KR7035720002,카카오,KOSPI,38050,600,1.6,37450,39250,37450,1971546,75918109500,443563481,16877590452050
20250102,035720,KR7035720002,카카오,KOSPI,37450,-750,-1.96,38500,38600,37000,1391090,52262633800,443563481,16611452363450
20241230,035720,KR7035720002,카카오,KOSPI,38200,-650,-1.67,38800,39150,38100,1110508,42792607800,443563481,16944124974200
20241227,035720,KR7035720002,카카오,KOSPI,38850,300,.78,38550,39400,38350,1236769,48007635200,443563481,17232441236850
20241226,035720,KR7035720002,카카오,KOSPI,38550,-950,-2.41,39650,39850,38400,1921654,74618214300,443563481,17099372192550
20241224,035720,KR7035720002,카카오,KOSPI,39500,-200,-.5,39750,40150,39500,1110417,44090794500,443563481,17520757499500
20241223,035720,KR7035720002,카카오,KOSPI,39700,-1100,-2.7,41000,41000,39200,2132239,84657253900,443563481,17609470195700
20241220,035720,KR7035720002,카카오,KOSPI,40800,-400,-.97,40800,41500,40350,1973168,80597011550,443563481,18097390024800
20241219,035720,KR7035720002,카카오,KOSPI,41200,-2200,-5.07,42050,42700,40850,2407758,100084449650,443563481,18274815417200
20241218,035720,KR7035720002,카카오,KOSPI,43400,550,1.28,43000,43750,42800,1516552,65733051850,443563481,19250655075400
20241217,035720,KR7035720002,카카오,KOSPI,42850,-1100,-2.5,43650,44250,42700,2019873,87532399550,443563481,19006695160850
20241216,035720,KR7035720002,카카오,KOSPI,43950,-1950,-4.25,47000,47050,43550,4206177,188756612900,443563481,19494614989950
20241213,035720,KR7035720002,카카오,KOSPI,45900,2200,5.03,43700,46450,43400,4615083,210266981050,443563481,20359563777900
20241212,035720,KR7035720002,카카오,KOSPI,43700,-900,-2.02,45000,45250,42500,3811891,167659647650,443552534,19383245735800
20241211,035720,KR7035720002,카카오,KOSPI,44600,750,1.71,44250,45300,43900,2218036,98585406150,443552534,19782443016400
20241210,035720,KR7035720002,카카오,KOSPI,43850,1550,3.66,43000,44000,42950,2629946,114466850700,443552534,19449778615900
20241209,035720,KR7035720002,카카오,KOSPI,42300,-2200,-4.94,43050,45100,42050,4184554,181084785200,443552534,18762272188200
20241206,035720,KR7035720002,카카오,KOSPI,44500,400,.91,44400,45650,42850,6696783,297403853650,443552534,19738087763000
20241205,035720,KR7035720002,카카오,KOSPI,44100,-2500,-5.36,45700,46150,43600,5207632,231253292550,443552534,19560666749400
20241204,035720,KR7035720002,카카오,KOSPI,46600,3650,8.5,42200,47100,41600,13795722,628051495350,443552534,20669548084400
20241203,035720,KR7035720002,카카오,KOSPI,42950,800,1.9,42450,43000,42050,3152958,134468234500,443552534,19050581335300
20241202,035720,KR7035720002,카카오,KOSPI,42150,2050,5.11,40550,42500,40150,5583827,233255154150,443552534,18695739308100
20241129,035720,KR7035720002,카카오,KOSPI,40100,1900,4.97,38150,40900,38000,5364138,213443640200,443552534,17786456613400
20241128,035720,KR7035720002,카카오,KOSPI,38200,-150,-.39,38500,38700,37750,1210453,46199389050,443552534,16943706798800
20241127,035720,KR7035720002,카카오,KOSPI,38350,1350,3.65,37100,38400,37000,2268347,86110443800,443552534,17010239678900
20241126,035720,KR7035720002,카카오,KOSPI,37000,850,2.35,35850,37100,35850,1228125,44933468900,443552534,16411443758000
20241125,035720,KR7035720002,카카오,KOSPI,36150,100,.28,36400,36450,35850,1189187,42989174650,443552534,16034424104100
20241122,035720,KR7035720002,카카오,KOSPI,36050,900,2.56,35200,36450,35150,1095476,39392390650,443552534,15990068850700
20241121,035720,KR7035720002,카카오,KOSPI,35150,-350,-.99,34850,35850,34850,1106598,39032734350,443552534,15590871570100
20241120,035720,KR7035720002,카카오,KOSPI,35500,-750,-2.07,35950,36000,35250,1012884,36048636250,443552534,15746114957000
20241119,035720,KR7035720002,카카오,KOSPI,36250,1150,3.28,34800,36250,34800,1485633,53331691450,443552534,16078779357500
20241118,035720,KR7035720002,카카오,KOSPI,35100,1050,3.08,33800,35200,33800,1298626,45043584950,443552534,15568693943400
20241115,035720,KR7035720002,카카오,KOSPI,34050,1250,3.81,33100,34550,32950,1328815,44913087750,443552534,15102963782700
20241114,035720,KR7035720002,카카오,KOSPI,32800,-600,-1.8,33400,34350,32550,1837035,61363613400,443552534,14548523115200
20241113,035720,KR7035720002,카카오,KOSPI,33400,150,.45,33000,33500,32850,1190150,39496786200,443552534,14814654635600
20241112,035720,KR7035720002,카카오,KOSPI,33250,-450,-1.34,33400,34300,33200,1444893,48686605500,443552534,14748121755500
20241111,035720,KR7035720002,카카오,KOSPI,33700,-1300,-3.71,35050,35100,33700,1507751,51315180950,443552534,14947720395800
20241108,035720,KR7035720002,카카오,KOSPI,35000,-1550,-4.24,36950,37250,34800,2225394,79206340150,443552534,15524338690000
20241107,035720,KR7035720002,카카오,KOSPI,36550,0,0,36550,36900,36100,745736,27241629150,443530908,16211054687400
20241106,035720,KR7035720002,카카오,KOSPI,36550,-1200,-3.18,37750,37750,36250,981949,36217921100,443530908,16211054687400
20241105,035720,KR7035720002,카카오,KOSPI,37750,400,1.07,36950,37950,36800,740056,27773012050,443530908,16743291777000
20241104,035720,KR7035720002,카카오,KOSPI,37350,1200,3.32,36250,37450,36250,873319,32381161150,443530908,16565879413800
20241101,035720,KR7035720002,카카오,KOSPI,36150,-800,-2.17,36550,36800,36150,689940,25108827700,443530908,16033642324200
20241031,035720,KR7035720002,카카오,KOSPI,36950,-400,-1.07,37150,37700,36450,1258900,46476442300,443530908,16388467050600
20241030,035720,KR7035720002,카카오,KOSPI,37350,0,0,37350,38050,37150,847115,31774022600,443530908,16565879413800
20241029,035720,KR7035720002,카카오,KOSPI,37350,-100,-.27,37250,37800,37050,450611,16819468050,443530908,16565879413800
20241028,035720,KR7035720002,카카오,KOSPI,37450,950,2.6,36450,37450,36250,686130,25382458150,443530908,16610232504600
20241025,035720,KR7035720002,카카오,KOSPI,36500,-950,-2.54,37450,37700,36100,852346,31152251900,443530908,16188878142000
20241024,035720,KR7035720002,카카오,KOSPI,37450,-250,-.66,37500,37650,37050,637040,23787718300,443530908,16610232504600
20241023,035720,KR7035720002,카카오,KOSPI,37700,350,.94,37750,38000,37050,811188,30500058850,443530908,16721115231600
20241022,035720,KR7035720002,카카오,KOSPI,37350,-2050,-5.2,39300,39350,37300,1787402,67933967672,443530908,16565879413800
20241021,035720,KR7035720002,카카오,KOSPI,39400,900,2.34,38750,39800,38600,1774111,69897515350,443530908,17475117775200
20241018,035720,KR7035720002,카카오,KOSPI,38500,1150,3.08,37400,38700,37400,1975410,75841280834,443530908,17075939958000
20241017,035720,KR7035720002,카카오,KOSPI,37350,-250,-.66,37550,37800,37300,774171,29014671400,443530908,16565879413800
20241016,035720,KR7035720002,카카오,KOSPI,37600,-50,-.13,37250,37800,37100,1084146,40702599632,443530908,16676762140800
20241015,035720,KR7035720002,카카오,KOSPI,37650,1150,3.15,36550,37650,36550,1486111,55270913350,443530908,16698938686200
20241014,035720,KR7035720002,카카오,KOSPI,36500,-900,-2.41,37400,37500,36250,1085483,39822539650,443530908,16188878142000
20241011,035720,KR7035720002,카카오,KOSPI,37400,50,.13,37350,37500,36900,866028,32301640850,443530908,16588055959200
20241010,035720,KR7035720002,카카오,KOSPI,37350,350,.95,37100,37550,36900,1900499,70927394750,443527389,16565747979150
20241008,035720,KR7035720002,카카오,KOSPI,37000,250,.68,36550,37100,36350,1017162,37523718900,443527389,16410513393000
20241007,035720,KR7035720002,카카오,KOSPI,36750,50,.14,36700,37100,36150,1092340,40132771500,443527389,16299631545750
20241004,035720,KR7035720002,카카오,KOSPI,36700,700,1.94,36000,37050,35950,1058670,38818592550,443527389,16277455176300
20241002,035720,KR7035720002,카카오,KOSPI,36000,-150,-.41,35700,36550,35500,1085080,39057383200,443527389,15966986004000
20240930,035720,KR7035720002,카카오,KOSPI,36150,-500,-1.36,37050,37550,36150,1575319,57763997375,443527389,16033515112350
20240927,035720,KR7035720002,카카오,KOSPI,36650,-100,-.27,36750,36900,36250,764657,28035029150,443527389,16255278806850
20240926,035720,KR7035720002,카카오,KOSPI,36750,900,2.51,35950,36750,35900,956351,34828302000,443527389,16299631545750
20240925,035720,KR7035720002,카카오,KOSPI,35850,-250,-.69,36450,36700,35800,957615,34711584550,443527389,15900456895650
20240924,035720,KR7035720002,카카오,KOSPI,36100,600,1.69,35500,36100,35200,864475,30810062650,443527389,16011338742900
20240923,035720,KR7035720002,카카오,KOSPI,35500,600,1.72,35000,35600,34800,788030,27792860500,443527389,15745222309500
20240920,035720,KR7035720002,카카오,KOSPI,34900,-400,-1.13,35650,36300,34900,1194728,42265494900,443527389,15479105876100
20240919,035720,KR7035720002,카카오,KOSPI,35300,-300,-.84,36400,36450,34900,973775,34443821400,443527389,15656516831700
20240913,035720,KR7035720002,카카오,KOSPI,35600,250,.71,35400,35800,35250,712365,25302890550,443527389,15789575048400
20240912,035720,KR7035720002,카카오,KOSPI,35350,900,2.61,34800,35400,34400,2063865,72593098050,443491843,15677436650050
20240911,035720,KR7035720002,카카오,KOSPI,34450,400,1.17,34100,35100,34100,975995,33751524200,443491843,15278293991350
20240910,035720,KR7035720002,카카오,KOSPI,34050,50,.15,34250,34500,33800,1017498,34642322275,443491843,15100897254150
20240909,035720,KR7035720002,카카오,KOSPI,34000,0,0,33050,34100,32900,962302,32328789450,443491843,15078722662000
20240906,035720,KR7035720002,카카오,KOSPI,34000,-450,-1.31,34450,34700,33850,1105965,37715576000,443491843,15078722662000
20240905,035720,KR7035720002,카카오,KOSPI,34450,300,.88,34250,35150,34250,1313025,45549709200,443491843,15278293991350
20240904,035720,KR7035720002,카카오,KOSPI,34150,-2050,-5.66,35400,35500,33950,3028343,104927072300,443491843,15145246438450
20240903,035720,KR7035720002,카카오,KOSPI,36200,-700,-1.9,36900,37400,36200,1238880,45280946950,443491843,16054404716600
20240902,035720,KR7035720002,카카오,KOSPI,36900,-300,-.81,37350,37350,36750,734047,27097438500,443491843,16364849006700
20240830,035720,KR7035720002,카카오,KOSPI,37200,200,.54,37250,37750,37150,1353912,50593601350,443491843,16497896559600
20240829,035720,KR7035720002,카카오,KOSPI,37000,-150,-.4,37000,37400,36750,820801,30400894050,443491843,16409198191000
20240828,035720,KR7035720002,카카오,KOSPI,37150,-850,-2.24,38000,38150,37000,1183525,44228925500,443491843,16475721967450
20240827,035720,KR7035720002,카카오,KOSPI,38000,-700,-1.81,38650,38900,38000,1148870,44014171150,443491843,16852690034000
20240826,035720,KR7035720002,카카오,KOSPI,38700,1250,3.34,37550,38900,37150,1753855,67305764300,443491843,17163134324100
20240823,035720,KR7035720002,카카오,KOSPI,37450,-100,-.27,37450,37800,37100,872362,32627574350,443491843,16608769520350
20240822,035720,KR7035720002,카카오,KOSPI,37550,950,2.6,36900,37700,36750,1653724,61816429200,443491843,16653118704650
20240821,035720,KR7035720002,카카오,KOSPI,36600,100,.27,36500,36800,36400,669506,24496008300,443491843,16231801453800
20240820,035720,KR7035720002,카카오,KOSPI,36500,-150,-.41,36900,37000,36400,950218,34722968600,443491843,16187452269500
20240819,035720,KR7035720002,카카오,KOSPI,36650,100,.27,36650,37400,36350,1211287,44657489400,443491843,16253976045950
20240816,035720,KR7035720002,카카오,KOSPI,36550,-250,-.68,37300,37350,36550,1170171,43105166400,443491843,16209626861650
20240814,035720,KR7035720002,카카오,KOSPI,36800,400,1.1,36650,36900,36300,1074501,39331144100,443491843,16320499822400
20240813,035720,KR7035720002,카카오,KOSPI,36400,-700,-1.89,36950,37100,36200,1205169,44003991250,443491843,16143103085200
20240812,035720,KR7035720002,카카오,KOSPI,37100,100,.27,37100,37700,36800,1342896,49948817100,443491843,16453547375300
20240809,035720,KR7035720002,카카오,KOSPI,37000,-1450,-3.77,38900,39100,36600,3189269,119016729000,443491843,16409198191000
20240808,035720,KR7035720002,카카오,KOSPI,38450,150,.39,38950,39100,37500,1878038,71984183300,443443376,17050397807200
20240807,035720,KR7035720002,카카오,KOSPI,38300,300,.79,37300,38750,37300,1361364,52026596200,443443376,16983881300800
20240806,035720,KR7035720002,카카오,KOSPI,38000,1700,4.68,36750,39000,36750,1744154,66575181100,443443376,16850848288000
20240805,035720,KR7035720002,카카오,KOSPI,36300,-3250,-8.22,39550,39600,35350,2685140,100507591900,443443376,16096994548800
20240802,035720,KR7035720002,카카오,KOSPI,39550,-250,-.63,39500,40150,39250,1041566,41270819900,443443376,17538185520800
20240801,035720,KR7035720002,카카오,KOSPI,39800,600,1.53,39350,40150,39300,877795,34986897050,443443376,17649046364800
20240731,035720,KR7035720002,카카오,KOSPI,39200,150,.38,39250,39400,38750,1137172,44387519750,443443376,17382980339200
20240730,035720,KR7035720002,카카오,KOSPI,39050,-900,-2.25,39600,40150,38950,1029339,40563549300,443443376,17316463832800
20240729,035720,KR7035720002,카카오,KOSPI,39950,150,.38,39850,40150,39500,655444,26154212300,443443376,17715562871200
20240726,035720,KR7035720002,카카오,KOSPI,39800,-750,-1.85,40550,40600,39800,950430,38018262750,443443376,17649046364800
20240725,035720,KR7035720002,카카오,KOSPI,40550,1000,2.53,39350,40700,39050,1532071,61522632200,443443376,17981628896800
20240724,035720,KR7035720002,카카오,KOSPI,39550,700,1.8,38500,40650,38100,2560151,101435893200,443443376,17538185520800
20240723,035720,KR7035720002,카카오,KOSPI,38850,-2200,-5.36,40500,41450,38700,4258210,167805580200,443443376,17227775157600
20240722,035720,KR7035720002,카카오,KOSPI,41050,-300,-.73,41350,41600,40850,880598,36290828600,443443376,18203350584800
20240719,035720,KR7035720002,카카오,KOSPI,41350,200,.49,40900,42100,40650,1145416,47233381750,443443376,18336383597600
20240718,035720,KR7035720002,카카오,KOSPI,41150,-50,-.12,40800,41150,40300,936043,38167847300,443443376,18247694922400
20240717,035720,KR7035720002,카카오,KOSPI,41200,300,.73,40950,41450,40550,1538706,63163696400,443443376,18269867091200
20240716,035720,KR7035720002,카카오,KOSPI,40900,-1000,-2.39,41950,42150,40800,1196676,49243191350,443443376,18136834078400
20240715,035720,KR7035720002,카카오,KOSPI,41900,-350,-.83,42550,42900,41900,1108465,46851636000,443443376,18580277454400
20240712,035720,KR7035720002,카카오,KOSPI,42250,-100,-.24,42350,44000,41950,1870201,80005531450,443443376,18735482636000
20240711,035720,KR7035720002,카카오,KOSPI,42350,-400,-.94,43150,43250,42100,1381961,58691983350,443395280,18777790108000
20240710,035720,KR7035720002,카카오,KOSPI,42750,300,.71,42000,42900,41600,1285909,54418633150,443395280,18955148220000
20240709,035720,KR7035720002,카카오,KOSPI,42450,50,.12,42350,43150,42000,1123272,47897370800,443395280,18822129636000
20240708,035720,KR7035720002,카카오,KOSPI,42400,900,2.17,41500,43100,41200,1595728,67602341600,443395280,18799959872000
20240705,035720,KR7035720002,카카오,KOSPI,41500,1200,2.98,40300,41800,40100,1530900,62958649050,443395280,18400904120000
20240704,035720,KR7035720002,카카오,KOSPI,40300,200,.5,40100,40650,40000,861325,34686182150,443395280,17868829784000
20240703,035720,KR7035720002,카카오,KOSPI,40100,100,.25,40100,41000,40000,1173859,47369128600,443395280,17780150728000
20240702,035720,KR7035720002,카카오,KOSPI,40000,-1000,-2.44,40600,40800,39950,1130668,45413174750,443395280,17735811200000
20240701,035720,KR7035720002,카카오,KOSPI,41000,350,.86,40300,41150,40250,714241,29079900500,443395280,18179206480000
20240628,035720,KR7035720002,카카오,KOSPI,40650,250,.62,40650,41250,40350,936191,38209963200,443395280,18024018132000
20240627,035720,KR7035720002,카카오,KOSPI,40400,-1200,-2.88,41100,41300,40400,1203554,48969202650,443395280,17913169312000
20240626,035720,KR7035720002,카카오,KOSPI,41600,600,1.46,40650,42100,40500,1244850,51564288550,443395280,18445243648000
20240625,035720,KR7035720002,카카오,KOSPI,41000,-1050,-2.5,42250,42300,41000,1607274,66318667240,443395280,18179206480000
20240624,035720,KR7035720002,카카오,KOSPI,42050,-1100,-2.55,42800,42950,42050,891039,37735643500,443395280,18644771524000
20240621,035720,KR7035720002,카카오,KOSPI,43150,750,1.77,42450,43150,42400,2111727,90729530150,443395280,19132506332000
20240620,035720,KR7035720002,카카오,KOSPI,42400,-400,-.93,42550,42800,42200,783732,33327588200,443395280,18799959872000
20240619,035720,KR7035720002,카카오,KOSPI,42800,500,1.18,42500,42800,41800,1430015,60486480950,443395280,18977317984000
20240618,035720,KR7035720002,카카오,KOSPI,42300,-100,-.24,42500,43000,42200,871491,37053958650,443395280,18755620344000
20240617,035720,KR7035720002,카카오,KOSPI,42400,-1500,-3.42,43500,43750,42150,1321022,56392984500,443395280,18799959872000
20240614,035720,KR7035720002,카카오,KOSPI,43900,250,.57,43250,44200,43050,1154685,50416898750,443395280,19465052792000
20240613,035720,KR7035720002,카카오,KOSPI,43650,600,1.39,43350,44100,43150,2477617,108059222050,443395280,19354203972000
20240612,035720,KR7035720002,카카오,KOSPI,43050,-100,-.23,43150,43600,42750,1047526,45090176300,443395280,19088166804000
20240611,035720,KR7035720002,카카오,KOSPI,43150,50,.12,43350,43850,43000,707905,30719783400,443395280,19132506332000
20240610,035720,KR7035720002,카카오,KOSPI,43100,-1150,-2.6,43700,43800,42950,913040,39483424900,443395280,19110336568000
20240607,035720,KR7035720002,카카오,KOSPI,44250,-300,-.67,44600,45150,44150,922538,41043145150,443395280,19620241140000
20240605,035720,KR7035720002,카카오,KOSPI,44550,-50,-.11,44900,44950,44150,652883,29118037150,443326185,19750181541750
20240604,035720,KR7035720002,카카오,KOSPI,44600,300,.68,43900,44950,43850,710096,31532891200,443326185,19772347851000
20240603,035720,KR7035720002,카카오,KOSPI,44300,1000,2.31,43350,45150,43300,904573,40168204650,443326185,19639349995500
20240531,035720,KR7035720002,카카오,KOSPI,43300,-350,-.8,44050,44350,43000,2172503,94273846700,443326185,19196023810500
20240530,035720,KR7035720002,카카오,KOSPI,43650,-100,-.23,43300,44050,43100,798465,34809094300,443326185,19351187975250
20240529,035720,KR7035720002,카카오,KOSPI,43750,-1350,-2.99,44650,44950,43700,1439203,63394856800,443326185,19395520593750
20240528,035720,KR7035720002,카카오,KOSPI,45100,-750,-1.64,46000,46050,45100,734989,33373464850,443326185,19994010943500
20240527,035720,KR7035720002,카카오,KOSPI,45850,1400,3.15,44600,46600,44550,1500538,68766192400,443326185,20326505582250
20240524,035720,KR7035720002,카카오,KOSPI,44450,-1000,-2.2,45050,45250,44400,1280352,57077924400,443326185,19705848923250
20240523,035720,KR7035720002,카카오,KOSPI,45450,-350,-.76,45800,45950,45250,894733,40759972250,443326185,20149175108250
20240522,035720,KR7035720002,카카오,KOSPI,45800,-150,-.33,45800,46200,45500,1200115,54980915700,443326185,20304339273000
20240521,035720,KR7035720002,카카오,KOSPI,45950,-100,-.22,45650,46250,45350,1159453,52893652750,443326185,20370838200750
20240520,035720,KR7035720002,카카오,KOSPI,46050,-400,-.86,46800,46800,46000,947656,43842341700,443326185,20415170819250
20240517,035720,KR7035720002,카카오,KOSPI,46450,-350,-.75,46600,47100,46400,923404,43111331600,445292681,20683845032450
20240516,035720,KR7035720002,카카오,KOSPI,46800,150,.32,47050,47700,46750,1445556,68145054650,445292681,20839697470800
20240514,035720,KR7035720002,카카오,KOSPI,46650,-350,-.74,47200,47400,46650,1185101,55564029150,445292681,20772903568650
20240513,035720,KR7035720002,카카오,KOSPI,47000,-800,-1.67,47700,47750,47000,995194,46958072000,445292681,20928756007000
20240510,035720,KR7035720002,카카오,KOSPI,47800,-800,-1.65,49000,49050,47650,1407165,67668354000,445292681,21284990151800
20240509,035720,KR7035720002,카카오,KOSPI,48600,-1200,-2.41,50200,50600,48400,2000421,98061699550,445243887,21638852908200
20240508,035720,KR7035720002,카카오,KOSPI,49800,100,.2,49750,50100,49350,737154,36678535350,445243887,22173145572600
20240507,035720,KR7035720002,카카오,KOSPI,49700,500,1.02,49900,50500,49400,1465976,73260419050,445243887,22128621183900
20240503,035720,KR7035720002,카카오,KOSPI,49200,900,1.86,49000,50300,49000,1373246,67851116050,445243887,21905999240400
20240502,035720,KR7035720002,카카오,KOSPI,48300,-300,-.62,48150,48550,48050,889047,42903289400,445243887,21505279742100
20240430,035720,KR7035720002,카카오,KOSPI,48600,100,.21,48350,48850,48300,1015126,49307097500,445243887,21638852908200
20240429,035720,KR7035720002,카카오,KOSPI,48500,1200,2.54,47650,48600,47600,950410,45797194050,445243887,21594328519500
20240426,035720,KR7035720002,카카오,KOSPI,47300,-100,-.21,47850,47900,47150,656101,31092610050,445243887,21060035855100
20240425,035720,KR7035720002,카카오,KOSPI,47400,-700,-1.46,47500,47900,47100,847788,40240744850,445243887,21104560243800
20240424,035720,KR7035720002,카카오,KOSPI,48100,600,1.26,48000,48400,47850,725443,34870017200,445243887,21416230964700
20240423,035720,KR7035720002,카카오,KOSPI,47500,-1500,-3.06,48700,48750,47050,1782455,85103164600,445243887,21149084632500
20240422,035720,KR7035720002,카카오,KOSPI,49000,400,.82,49450,49700,48450,641194,31392610650,445243887,21816950463000
20240419,035720,KR7035720002,카카오,KOSPI,48600,-500,-1.02,48350,49600,47700,1184289,57479077050,445243887,21638852908200
20240418,035720,KR7035720002,카카오,KOSPI,49100,2200,4.69,47350,50200,46900,2262675,109556885850,445243887,21861474851700
20240417,035720,KR7035720002,카카오,KOSPI,46900,150,.32,46700,48000,46700,1043806,49342395150,445243887,20881938300300
20240416,035720,KR7035720002,카카오,KOSPI,46750,-1000,-2.09,47200,47400,46600,1144123,53685816050,445243887,20815151717250
20240415,035720,KR7035720002,카카오,KOSPI,47750,-100,-.21,47100,48000,46850,801117,37970893600,445243887,21260395604250
20240412,035720,KR7035720002,카카오,KOSPI,47850,-200,-.42,48050,48450,47650,946914,45452083250,445243887,21304919992950
20240411,035720,KR7035720002,카카오,KOSPI,48050,-1200,-2.44,48450,48800,47700,2005085,96447159250,445153350,21389618467500
20240409,035720,KR7035720002,카카오,KOSPI,49250,100,.2,49100,50100,48850,775713,38457103000,445153350,21923802487500
20240408,035720,KR7035720002,카카오,KOSPI,49150,400,.82,48850,49750,48300,1006988,49439679000,445153350,21879287152500
20240405,035720,KR7035720002,카카오,KOSPI,48750,-550,-1.12,48400,49100,48200,1559612,75901717150,445153350,21701225812500
20240404,035720,KR7035720002,카카오,KOSPI,49300,-1700,-3.33,51200,51500,49100,2658438,132450536300,445153350,21946060155000
20240403,035720,KR7035720002,카카오,KOSPI,51000,-200,-.39,51200,52000,51000,1332410,68372631700,445153350,22702820850000
20240402,035720,KR7035720002,카카오,KOSPI,51200,-2600,-4.83,53200,53200,51000,2856932,147817870900,445153350,22791851520000
20240401,035720,KR7035720002,카카오,KOSPI,53800,100,.19,54100,54500,53600,775737,41881264200,445153350,23949250230000
20240329,035720,KR7035720002,카카오,KOSPI,53700,-700,-1.29,54500,54900,53500,870563,46892628800,445153350,23904734895000
20240328,035720,KR7035720002,카카오,KOSPI,54400,-400,-.73,54800,55700,54400,955506,52532337400,445153350,24216342240000
20240327,035720,KR7035720002,카카오,KOSPI,54800,-100,-.18,54200,55200,53900,779339,42674938300,445153350,24394403580000
20240326,035720,KR7035720002,카카오,KOSPI,54900,1100,2.04,54200,55200,53900,1170288,64074728900,445153350,24438918915000
20240325,035720,KR7035720002,카카오,KOSPI,53800,200,.37,53400,54500,53100,717693,38689350700,445153350,23949250230000
20240322,035720,KR7035720002,카카오,KOSPI,53600,0,0,53600,54300,53300,881388,47493429100,445153350,23860219560000
20240321,035720,KR7035720002,카카오,KOSPI,53600,700,1.32,53900,54200,52800,1359646,72778538200,445153350,23860219560000
20240320,035720,KR7035720002,카카오,KOSPI,52900,900,1.73,52400,53200,52300,869967,45926374700,445153350,23548612215000
20240319,035720,KR7035720002,카카오,KOSPI,52000,-1000,-1.89,52700,52800,51700,1116159,58058770800,445153350,23147974200000
20240318,035720,KR7035720002,카카오,KOSPI,53000,-1100,-2.03,54200,54300,52700,1168724,62072182200,445153350,23593127550000
20240315,035720,KR7035720002,카카오,KOSPI,54100,-800,-1.46,55000,55000,53900,926038,50214900100,445153350,24082796235000
20240314,035720,KR7035720002,카카오,KOSPI,54900,300,.55,54600,55800,54600,1792414,98857038400,444999087,24430449876300
20240313,035720,KR7035720002,카카오,KOSPI,54600,-1200,-2.15,55900,56000,54100,1088171,59637673400,444999087,24296950150200
20240312,035720,KR7035720002,카카오,KOSPI,55800,1200,2.2,55000,56000,54800,1388337,77127567400,444999087,24830949054600
20240311,035720,KR7035720002,카카오,KOSPI,54600,1400,2.63,53200,54800,52700,1047193,56590698800,444999087,24296950150200
20240308,035720,KR7035720002,카카오,KOSPI,53200,300,.57,53600,54200,53000,1466862,78554507400,444999087,23673951428400
20240307,035720,KR7035720002,카카오,KOSPI,52900,1000,1.93,52200,53700,52000,1425978,75370310800,444999087,23540451702300
20240306,035720,KR7035720002,카카오,KOSPI,51900,200,.39,51400,52300,51400,902578,46832188000,444999087,23095452615300
20240305,035720,KR7035720002,카카오,KOSPI,51700,-1400,-2.64,52600,52900,51600,1737655,90488706600,444999087,23006452797900
20240304,035720,KR7035720002,카카오,KOSPI,53100,-200,-.38,53600,54900,52900,1830422,98307232300,444999087,23629451519700
20240229,035720,KR7035720002,카카오,KOSPI,53300,-2300,-4.14,55100,55300,53000,3056344,164098960200,444999087,23718451337100
20240228,035720,KR7035720002,카카오,KOSPI,55600,-1200,-2.11,56800,57400,55200,1463434,81621108100,444999087,24741949237200
20240227,035720,KR7035720002,카카오,KOSPI,56800,-300,-.53,57200,57700,56300,1022628,58053396700,444999087,25275948141600
20240226,035720,KR7035720002,카카오,KOSPI,57100,0,0,57500,58000,57000,871467,49942762700,444999087,25409447867700
20240223,035720,KR7035720002,카카오,KOSPI,57100,-800,-1.38,58100,58200,56600,1330016,76116096100,444999087,25409447867700
20240222,035720,KR7035720002,카카오,KOSPI,57900,-100,-.17,58600,58900,57700,972001,56511873400,444999087,25765447137300
20240221,035720,KR7035720002,카카오,KOSPI,58000,-700,-1.19,58800,58900,58000,844219,49242265500,444999087,25809947046000
20240220,035720,KR7035720002,카카오,KOSPI,58700,500,.86,57900,60000,57800,1943466,114742931000,444999087,26121446406900
20240219,035720,KR7035720002,카카오,KOSPI,58200,-200,-.34,58800,59100,58100,1409033,82389543600,444999087,25898946863400
20240216,035720,KR7035720002,카카오,KOSPI,58400,-800,-1.35,59500,59700,58300,2310632,136264153300,444999087,25987946680800
20240215,035720,KR7035720002,카카오,KOSPI,59200,4300,7.83,56800,61400,56700,10199107,609600124300,444999087,26343945950400
20240214,035720,KR7035720002,카카오,KOSPI,54900,200,.37,53900,54900,53200,886156,47992420500,444999087,24430449876300
20240213,035720,KR7035720002,카카오,KOSPI,54700,700,1.3,54000,55300,54000,957145,52384826200,444999087,24341450058900
20240208,035720,KR7035720002,카카오,KOSPI,54000,200,.37,54500,54700,53700,1532750,82902332000,444999087,24029950698000
20240207,035720,KR7035720002,카카오,KOSPI,53800,-200,-.37,54400,55700,53600,1256600,68522668700,444849878,23932923436400
20240206,035720,KR7035720002,카카오,KOSPI,54000,-1000,-1.82,54500,55000,53800,982600,53211450500,444849878,24021893412000
20240205,035720,KR7035720002,카카오,KOSPI,55000,-1300,-2.31,57000,57400,54600,1564624,86629285500,444849878,24466743290000
20240202,035720,KR7035720002,카카오,KOSPI,56300,3600,6.83,53800,56600,53700,2428683,135058800100,444849878,25045048131400
20240201,035720,KR7035720002,카카오,KOSPI,52700,200,.38,51900,53100,51500,1422821,74686139900,444849878,23443588570600
20240131,035720,KR7035720002,카카오,KOSPI,52500,-1800,-3.31,53700,53900,52200,1794783,94911221100,444849878,23354618595000
20240130,035720,KR7035720002,카카오,KOSPI,54300,-1000,-1.81,55900,56000,53600,2011521,109234730000,444849878,24155348375400
20240129,035720,KR7035720002,카카오,KOSPI,55300,-1300,-2.3,56600,57200,55200,1329616,74475191900,444849878,24600198253400
20240126,035720,KR7035720002,카카오,KOSPI,56600,600,1.07,55700,57400,55600,904913,51520680200,444849878,25178503094800
20240125,035720,KR7035720002,카카오,KOSPI,56000,-700,-1.23,56300,56700,54700,1817363,101204562200,444849878,24911593168000
20240124,035720,KR7035720002,카카오,KOSPI,56700,-1000,-1.73,57500,57500,56300,927568,52666819700,444849878,25222988082600
20240123,035720,KR7035720002,카카오,KOSPI,57700,1300,2.3,56700,58000,56600,1100723,63165957200,444849878,25667837960600
20240122,035720,KR7035720002,카카오,KOSPI,56400,-1200,-2.08,58300,58900,55800,1934438,110258458200,444849878,25089533119200
20240119,035720,KR7035720002,카카오,KOSPI,57600,800,1.41,58100,58800,57100,1736180,100516852800,444849878,25623352972800
20240118,035720,KR7035720002,카카오,KOSPI,56800,-700,-1.22,57200,57900,55900,2237185,127453489700,444849878,25267473070400
20240117,035720,KR7035720002,카카오,KOSPI,57500,-2100,-3.52,59600,59900,56600,3326071,191910906800,444849878,25578867985000
20240116,035720,KR7035720002,카카오,KOSPI,59600,-1500,-2.45,60600,61700,59400,1918777,115763346100,444849878,26513052728800
20240115,035720,KR7035720002,카카오,KOSPI,61100,700,1.16,60500,61800,59800,1737021,106062659700,444849878,27180327545800
20240112,035720,KR7035720002,카카오,KOSPI,60400,-400,-.66,60900,61200,59100,2014084,120835155500,444849878,26868932631200
20240111,035720,KR7035720002,카카오,KOSPI,60800,1600,2.7,60300,61900,59400,4601300,280920314400,444749160,27040748928000
20240110,035720,KR7035720002,카카오,KOSPI,59200,500,.85,58900,60000,58600,2729859,162324444900,444749160,26329150272000
20240109,035720,KR7035720002,카카오,KOSPI,58700,1500,2.62,58500,59200,58300,2166853,127359290500,444749160,26106775692000
20240108,035720,KR7035720002,카카오,KOSPI,57200,1400,2.51,55800,58800,55800,2497737,144573932900,444749160,25439651952000
20240105,035720,KR7035720002,카카오,KOSPI,55800,-1400,-2.45,57400,57500,55500,1316579,74099039900,444749160,24817003128000
20240104,035720,KR7035720002,카카오,KOSPI,57200,600,1.06,55800,57800,55600,1884358,107565028100,444749160,25439651952000
20240103,035720,KR7035720002,카카오,KOSPI,56600,-1300,-2.25,57100,57600,56000,1917854,108775616400,444749160,25172802456000
20240102,035720,KR7035720002,카카오,KOSPI,57900,3600,6.63,54300,57900,54000,3726752,210983483350,444749160,25750976364000
20231228,035720,KR7035720002,카카오,KOSPI,54300,900,1.69,53700,54300,53300,979793,52859181800,444749160,24149879388000
20231227,035720,KR7035720002,카카오,KOSPI,53400,1000,1.91,52400,53500,52100,940418,49828552100,444749160,23749605144000
20231226,035720,KR7035720002,카카오,KOSPI,52400,-400,-.76,52100,53400,52100,957793,50346813800,444749160,23304855984000
20231222,035720,KR7035720002,카카오,KOSPI,52800,0,0,53300,53700,52600,1215421,64602969200,444749160,23482755648000
20231221,035720,KR7035720002,카카오,KOSPI,52800,-900,-1.68,52900,53600,52000,1536311,80956640600,444749160,23482755648000
20231220,035720,KR7035720002,카카오,KOSPI,53700,-100,-.19,54200,54200,53000,1132733,60818711200,444749160,23883029892000
20231219,035720,KR7035720002,카카오,KOSPI,53800,-100,-.19,53500,54400,53200,933314,50160028300,444749160,23927504808000
20231218,035720,KR7035720002,카카오,KOSPI,53900,-1000,-1.82,55000,55000,53700,1357544,73379118900,444749160,23971979724000
20231215,035720,KR7035720002,카카오,KOSPI,54900,600,1.1,54400,55000,54000,2212939,121099330400,444749160,24416728884000
20231214,035720,KR7035720002,카카오,KOSPI,54300,3400,6.68,52400,54900,52300,4990407,269313348700,444749160,24149879388000
20231213,035720,KR7035720002,카카오,KOSPI,50900,-900,-1.74,51800,52000,50700,886654,45374977000,444749160,22637732244000
20231212,035720,KR7035720002,카카오,KOSPI,51800,-300,-.58,52500,52700,51800,966939,50358639200,444749160,23038006488000
20231211,035720,KR7035720002,카카오,KOSPI,52100,400,.77,52000,53200,51900,1538081,80693984900,444749160,23171431236000
20231208,035720,KR7035720002,카카오,KOSPI,51700,1200,2.38,51400,52000,50700,1481560,76299714600,444749160,22993531572000
20231207,035720,KR7035720002,카카오,KOSPI,50500,0,0,50200,50800,50000,723544,36559368900,444495970,22447046485000
20231206,035720,KR7035720002,카카오,KOSPI,50500,-300,-.59,50700,51100,50200,1039034,52683794500,444495970,22447046485000
20231205,035720,KR7035720002,카카오,KOSPI,50800,0,0,50700,51200,50200,1142447,57992282100,444495970,22580395276000
20231204,035720,KR7035720002,카카오,KOSPI,50800,1100,2.21,49800,51300,49750,1785113,90624610300,444495970,22580395276000
20231201,035720,KR7035720002,카카오,KOSPI,49700,-800,-1.58,50400,50400,49650,1105367,55174771850,444495970,22091449709000
20231130,035720,KR7035720002,카카오,KOSPI,50500,0,0,50200,50900,50000,1613598,81271347200,444495970,22447046485000
20231129,035720,KR7035720002,카카오,KOSPI,50500,-600,-1.17,50800,51300,50100,1284120,65153113600,444495970,22447046485000
20231128,035720,KR7035720002,카카오,KOSPI,51100,1250,2.51,50000,51200,49800,1423510,71984009100,444495970,22713744067000
20231127,035720,KR7035720002,카카오,KOSPI,49850,-650,-1.29,50800,51000,49300,1480318,74049856350,444495970,22158124104500
20231124,035720,KR7035720002,카카오,KOSPI,50500,200,.4,50400,50900,50000,1011208,50924851000,444495970,22447046485000
20231123,035720,KR7035720002,카카오,KOSPI,50300,0,0,50400,50600,49600,1394573,70003941750,444495970,22358147291000
20231122,035720,KR7035720002,카카오,KOSPI,50300,1050,2.13,48750,51000,48250,2467921,123017206900,444495970,22358147291000
20231121,035720,KR7035720002,카카오,KOSPI,49250,1450,3.03,48300,49600,48300,2483017,122292652050,444495970,21891426522500
20231120,035720,KR7035720002,카카오,KOSPI,47800,300,.63,47250,48150,47000,929546,44429067400,444495970,21246907366000
20231117,035720,KR7035720002,카카오,KOSPI,47500,-700,-1.45,48150,48150,47200,1144308,54485204450,444495970,21113558575000
20231116,035720,KR7035720002,카카오,KOSPI,48200,-100,-.21,47400,48250,46850,1565115,74691570750,444495970,21424705754000
20231115,035720,KR7035720002,카카오,KOSPI,48300,1950,4.21,47200,48450,46800,2792797,134088100500,444495970,21469155351000
20231114,035720,KR7035720002,카카오,KOSPI,46350,1350,3,46150,46950,45500,1718239,79607953650,444495970,20602388209500
20231113,035720,KR7035720002,카카오,KOSPI,45000,-650,-1.42,45800,46450,44900,1288632,58636599800,444495970,20002318650000
20231110,035720,KR7035720002,카카오,KOSPI,45650,50,.11,45800,46100,45000,1978790,90244698550,444495970,20291241030500
20231109,035720,KR7035720002,카카오,KOSPI,45600,1650,3.75,43450,46500,43450,3198261,144955664950,444485444,20268536246400
20231108,035720,KR7035720002,카카오,KOSPI,43950,200,.46,44350,45000,43850,1515109,67077306800,444485444,19535135263800
20231107,035720,KR7035720002,카카오,KOSPI,43750,-950,-2.13,44700,44750,42850,2026104,88422332050,444485444,19446238175000
20231106,035720,KR7035720002,카카오,KOSPI,44700,3400,8.23,43000,44700,42300,4871031,212287655400,444485444,19868499346800
20231103,035720,KR7035720002,카카오,KOSPI,41300,2750,7.13,39250,41550,38900,3675484,149670248050,444485444,18357248837200
20231102,035720,KR7035720002,카카오,KOSPI,38550,950,2.53,38000,38600,37900,1529650,58700281950,444485444,17134913866200
20231101,035720,KR7035720002,카카오,KOSPI,37600,-200,-.53,38000,38300,37450,1272093,48130334750,444485444,16712652694400
20231031,035720,KR7035720002,카카오,KOSPI,37800,-200,-.53,38250,38950,37450,1791726,68076650300,444485444,16801549783200
20231030,035720,KR7035720002,카카오,KOSPI,38000,250,.66,37650,38400,37600,1290753,49073884650,444485444,16890446872000
20231027,035720,KR7035720002,카카오,KOSPI,37750,100,.27,37650,38050,37300,1323041,49941062450,444485444,16779325511000
20231026,035720,KR7035720002,카카오,KOSPI,37650,-1300,-3.34,38250,38500,37400,2073618,78441610400,444485444,16734876966600
20231025,035720,KR7035720002,카카오,KOSPI,38950,-650,-1.64,39600,39650,38850,1422352,55638491050,444485444,17312708043800
20231024,035720,KR7035720002,카카오,KOSPI,39600,1650,4.35,38300,39700,37850,2739742,106068183800,444485444,17601623582400
20231023,035720,KR7035720002,카카오,KOSPI,37950,-1100,-2.82,38200,38900,37850,2585077,99046601350,444485444,16868222599800
20231020,035720,KR7035720002,카카오,KOSPI,39050,-1450,-3.58,39750,40150,38850,2483524,97490747750,444485444,17357156588200
20231019,035720,KR7035720002,카카오,KOSPI,40500,-1300,-3.11,41000,41400,40450,1699061,69175311650,444485444,18001660482000
20231018,035720,KR7035720002,카카오,KOSPI,41800,-1000,-2.34,42400,42950,41800,1389354,58551426600,444485444,18579491559200
20231017,035720,KR7035720002,카카오,KOSPI,42800,-350,-.81,43400,44050,42800,1063385,46002908900,444485444,19023977003200
20231016,035720,KR7035720002,카카오,KOSPI,43150,-50,-.12,43250,43900,42400,941701,40568929650,444485444,19179546908600
20231013,035720,KR7035720002,카카오,KOSPI,43200,-450,-1.03,43250,43650,43050,589597,25559627850,444485444,19201771180800
20231012,035720,KR7035720002,카카오,KOSPI,43650,1000,2.34,42700,44000,42600,1373599,59855515800,444421032,19398978046800
20231011,035720,KR7035720002,카카오,KOSPI,42650,1250,3.02,41900,43200,41900,1343809,57341401650,444421032,18954557014800
20231010,035720,KR7035720002,카카오,KOSPI,41400,-650,-1.55,42100,42350,41200,1273485,53218111000,444421032,18399030724800
20231006,035720,KR7035720002,카카오,KOSPI,42050,1200,2.94,40600,42100,40600,1130815,47112552300,444421032,18687904395600
20231005,035720,KR7035720002,카카오,KOSPI,40850,-750,-1.8,41750,42400,40700,1859309,77010614150,444421032,18154599157200
20231004,035720,KR7035720002,카카오,KOSPI,41600,-2350,-5.35,43050,43100,41600,2511805,105958716350,444421032,18487914931200
20230927,035720,KR7035720002,카카오,KOSPI,43950,200,.46,43150,44200,43150,1134533,49696415550,444421032,19532304356400
20230926,035720,KR7035720002,카카오,KOSPI,43750,-1050,-2.34,44650,44800,43400,1875514,82216208950,444421032,19443420150000
20230925,035720,KR7035720002,카카오,KOSPI,44800,-250,-.55,44900,45250,44650,1141723,51202231800,444421032,19910062233600
20230922,035720,KR7035720002,카카오,KOSPI,45050,-600,-1.31,45100,45650,44800,1395423,63076175750,444421032,20021167491600
20230921,035720,KR7035720002,카카오,KOSPI,45650,-1450,-3.08,46800,47150,45600,2463267,113874064050,444421032,20287820110800
20230920,035720,KR7035720002,카카오,KOSPI,47100,-750,-1.57,47850,47950,47050,1245851,59045121700,444421032,20932230607200
20230919,035720,KR7035720002,카카오,KOSPI,47850,-750,-1.54,48600,48700,47800,991657,47708765650,444421032,21265546381200
20230918,035720,KR7035720002,카카오,KOSPI,48600,-250,-.51,48550,49200,48450,876697,42788343500,444421032,21598862155200
20230915,035720,KR7035720002,카카오,KOSPI,48850,550,1.14,48100,48900,48100,1695681,82623946450,444421032,21709967413200
20230914,035720,KR7035720002,카카오,KOSPI,48300,500,1.05,47850,48300,47450,1687973,81088266050,444421032,21465535845600
20230913,035720,KR7035720002,카카오,KOSPI,47800,-600,-1.24,48100,48150,47300,1898035,90419357321,444421032,21243325329600
20230912,035720,KR7035720002,카카오,KOSPI,48400,150,.31,48200,48750,48150,1383694,66962755050,444421032,21509977948800
20230911,035720,KR7035720002,카카오,KOSPI,48250,0,0,48250,48350,47900,1017094,48893543950,444421032,21443314794000
20230908,035720,KR7035720002,카카오,KOSPI,48250,-500,-1.03,48650,48750,48000,1116295,53874120364,444421032,21443314794000
20230907,035720,KR7035720002,카카오,KOSPI,48750,-300,-.61,48700,49600,48600,925935,45364028100,444351090,21662115637500
20230906,035720,KR7035720002,카카오,KOSPI,49050,150,.31,49000,49200,48500,830228,40523087900,444351090,21795420964500
20230905,035720,KR7035720002,카카오,KOSPI,48900,-200,-.41,49100,49350,48850,676829,33149791950,444351090,21728768301000
20230904,035720,KR7035720002,카카오,KOSPI,49100,150,.31,48900,49450,48400,1020561,49941347250,444351090,21817638519000
20230901,035720,KR7035720002,카카오,KOSPI,48950,850,1.77,47950,49300,47950,1371351,66902822200,444351090,21750985855500
20230831,035720,KR7035720002,카카오,KOSPI,48100,-900,-1.84,49000,49100,48100,1699582,82033164300,444351090,21373287429000
20230830,035720,KR7035720002,카카오,KOSPI,49000,400,.82,49150,49400,48750,888093,43529516400,444351090,21773203410000
20230829,035720,KR7035720002,카카오,KOSPI,48600,600,1.25,48000,48700,48000,864728,41914682350,444351090,21595462974000
20230828,035720,KR7035720002,카카오,KOSPI,48000,-100,-.21,48550,48650,47800,974367,46813610600,444351090,21328852320000
20230825,035720,KR7035720002,카카오,KOSPI,48100,-1000,-2.04,48000,48550,47600,1330506,63982574850,444351090,21373287429000
20230824,035720,KR7035720002,카카오,KOSPI,49100,200,.41,49450,50100,48900,1735760,85815016000,444351090,21817638519000
20230823,035720,KR7035720002,카카오,KOSPI,48900,250,.51,48700,49700,48450,1344907,65779535200,444351090,21728768301000
20230822,035720,KR7035720002,카카오,KOSPI,48650,250,.52,48550,49400,48400,1131155,55255250900,444351090,21617680528500
20230821,035720,KR7035720002,카카오,KOSPI,48400,-50,-.1,48500,49450,48250,1010367,49196777100,444351090,21506592756000
20230818,035720,KR7035720002,카카오,KOSPI,48450,-800,-1.62,48650,49300,48200,1384622,67311628100,444351090,21528810310500
20230817,035720,KR7035720002,카카오,KOSPI,49250,-1050,-2.09,50000,50100,49150,1640558,81096011000,444351090,21884291182500
20230816,035720,KR7035720002,카카오,KOSPI,50300,-400,-.79,50300,51100,49850,1125125,56795112600,444351090,22350859827000
20230814,035720,KR7035720002,카카오,KOSPI,50700,-900,-1.74,51700,52000,50600,1062345,54427104700,444351090,22528600263000
20230811,035720,KR7035720002,카카오,KOSPI,51600,-1000,-1.9,51400,52500,50600,1591602,82401625000,444351090,22928516244000
20230810,035720,KR7035720002,카카오,KOSPI,52600,-200,-.38,52300,53100,51900,1645198,86408729200,444263290,23368249054000
20230809,035720,KR7035720002,카카오,KOSPI,52800,1000,1.93,52100,53200,52100,1095062,57669280200,444263290,23457101712000
20230808,035720,KR7035720002,카카오,KOSPI,51800,-900,-1.71,53500,53600,51800,1512333,79061078700,444263290,23012838422000
20230807,035720,KR7035720002,카카오,KOSPI,52700,900,1.74,51700,54000,51200,2755342,146433524900,444263290,23412675383000
20230804,035720,KR7035720002,카카오,KOSPI,51800,-1500,-2.81,53800,55000,51000,3173204,166585777500,444263290,23012838422000
20230803,035720,KR7035720002,카카오,KOSPI,53300,100,.19,52800,53800,52300,2146867,114116055900,444263290,23679233357000
20230802,035720,KR7035720002,카카오,KOSPI,53200,-1700,-3.1,55100,55100,52300,2936126,157094023000,444263290,23634807028000
20230801,035720,KR7035720002,카카오,KOSPI,54900,3600,7.02,51800,55300,51800,7074120,384759856500,444263290,24390054621000
20230731,035720,KR7035720002,카카오,KOSPI,51300,700,1.38,50900,51800,50000,2204300,112729562600,444263290,22790706777000
20230728,035720,KR7035720002,카카오,KOSPI,50600,0,0,50200,51400,49600,1539813,77886284100,444263290,22479722474000
20230727,035720,KR7035720002,카카오,KOSPI,50600,2800,5.86,47500,50600,47500,2861543,142473314500,444263290,22479722474000
20230726,035720,KR7035720002,카카오,KOSPI,47800,-1050,-2.15,48800,48800,46650,3798977,180135718350,444263290,21235785262000
20230725,035720,KR7035720002,카카오,KOSPI,48850,-1000,-2.01,49600,49800,48800,1788062,87682627150,444263290,21702261716500
20230724,035720,KR7035720002,카카오,KOSPI,49850,-750,-1.48,50100,50300,49400,1943708,96571041850,444263290,22146525006500
20230721,035720,KR7035720002,카카오,KOSPI,50600,100,.2,50000,50800,49750,1203404,60651477550,444263290,22479722474000
20230720,035720,KR7035720002,카카오,KOSPI,50500,100,.2,50100,51100,50100,1150775,58316036900,444263290,22435296145000
20230719,035720,KR7035720002,카카오,KOSPI,50400,-1400,-2.7,51800,51800,50100,1674191,84739999200,444263290,22390869816000
20230718,035720,KR7035720002,카카오,KOSPI,51800,-900,-1.71,52700,52700,51400,1486148,77184346800,444263290,23012838422000
20230717,035720,KR7035720002,카카오,KOSPI,52700,-100,-.19,52400,53200,52200,1411212,74268627800,444263290,23412675383000
20230714,035720,KR7035720002,카카오,KOSPI,52800,900,1.73,52300,52800,51600,1900674,99559628600,444263290,23457101712000
20230713,035720,KR7035720002,카카오,KOSPI,51900,300,.58,52000,52600,51700,1955527,101784413400,444263290,23057264751000
20230712,035720,KR7035720002,카카오,KOSPI,51600,900,1.78,50700,51800,50200,1658795,84617041600,444263290,22923985764000
20230711,035720,KR7035720002,카카오,KOSPI,50700,850,1.71,50100,51000,50000,1212718,61177688000,444263290,22524148803000
20230710,035720,KR7035720002,카카오,KOSPI,49850,0,0,49850,50300,49450,1068139,53321611350,444263290,22146525006500
20230707,035720,KR7035720002,카카오,KOSPI,49850,-1050,-2.06,50600,51200,49750,1974639,99303217600,444263290,22146525006500
20230706,035720,KR7035720002,카카오,KOSPI,50900,2050,4.2,48850,51500,48700,3139685,158287014500,444104206,22604904085400
20230705,035720,KR7035720002,카카오,KOSPI,48850,-1100,-2.2,49950,50400,48800,2700066,132968381100,444104206,21694490463100
20230704,035720,KR7035720002,카카오,KOSPI,49950,-1050,-2.06,50900,51000,49900,1445459,72500723150,444104206,22183005089700
20230703,035720,KR7035720002,카카오,KOSPI,51000,1900,3.87,49300,51000,49300,1691513,85683992550,444104206,22649314506000
20230630,035720,KR7035720002,카카오,KOSPI,49100,100,.2,48850,49700,48400,1268925,62262964050,444104206,21805516514600
20230629,035720,KR7035720002,카카오,KOSPI,49000,0,0,49000,49800,48700,1287518,63413787050,444104206,21761106094000
20230628,035720,KR7035720002,카카오,KOSPI,49000,-350,-.71,49700,49750,48500,1659730,81271939650,444104206,21761106094000
